url,cluster
/jobs/1037,0
/jobs/1046,0
/login,0
/contact-us,0
/jobs/1027,0
/jobs/1035,0
/jobs/1040,0
/jobs/1045,0
https://t.me/jobifyworks,0
/seeker/cv,0
/jobs/1025,0
/jobs/1030,0
/jobs/1029,0
/register,0
/jobs/1050,0
https://www.linkedin.com/company/jobify-works/,1
/jobs/1041,0
/jobs/1038,0
/jobs/1028,0
tel:+855 93 739 400,0
mailto:info@jobify.works,1
https://www.tiktok.com/@jobify.it,1
https://www.instagram.com/jobify_company/,1
/jobs/1024,0
/privacy-policy,0
/,0
/jobs/1026,0
/jobs/1032,0
/jobs/1034,0
/about-us,0
https://www.facebook.com/jobify.works/,1
/jobs/1033,0
/jobs/1049,0
/jobs/1047,0
